{"cameraMode":{"drawMode":0,"name":"Shaded","section":"Shading Mode"},"sceneLighting":true,"audioPlay":false,"sceneViewState":{"showFog":true,"showMaterialUpdate":false,"showSkybox":true,"showFlares":true,"showImageEffects":true,"showParticleSystems":true},"in2DMode":false,"pivot":{"x":90.72392272949219,"y":6.234070777893066,"z":90.57229614257813},"rotation":{"x":-0.019583815708756448,"y":-0.9727922677993774,"z":0.08956560492515564,"w":-0.21283844113349915},"size":72.32691192626953,"orthographic":false}