{"cameraMode":{"drawMode":0,"name":"Shaded","section":"Shading Mode"},"sceneLighting":true,"audioPlay":false,"sceneViewState":{"showFog":true,"showMaterialUpdate":false,"showSkybox":true,"showFlares":true,"showImageEffects":true,"showParticleSystems":true},"in2DMode":false,"pivot":{"x":0.8393721580505371,"y":0.8353745937347412,"z":0.3085188865661621},"rotation":{"x":0.13637806475162507,"y":0.008910833857953549,"z":-0.0012269370490685106,"w":0.990616500377655},"size":5.742640495300293,"orthographic":false}