{"cameraMode":{"drawMode":0,"name":"Shaded","section":"Shading Mode"},"sceneLighting":true,"audioPlay":false,"sceneViewState":{"showFog":true,"showMaterialUpdate":false,"showSkybox":true,"showFlares":true,"showImageEffects":true,"showParticleSystems":true},"in2DMode":false,"pivot":{"x":19.769989013671876,"y":-7.459039688110352,"z":12.608407020568848},"rotation":{"x":0.15064239501953126,"y":0.4435792863368988,"z":-0.07591502368450165,"w":0.8802177906036377},"size":31.57174301147461,"orthographic":false}