{"cameraMode":{"drawMode":0,"name":"Shaded","section":"Shading Mode"},"sceneLighting":true,"audioPlay":false,"sceneViewState":{"showFog":true,"showMaterialUpdate":false,"showSkybox":true,"showFlares":true,"showImageEffects":true,"showParticleSystems":true},"in2DMode":false,"pivot":{"x":-0.6299377083778381,"y":-1.5914961099624634,"z":-9.367188453674317},"rotation":{"x":-0.0736774206161499,"y":0.8981602191925049,"z":-0.16511742770671845,"w":-0.4007696211338043},"size":10.0,"orthographic":false}